img_path,bbox,iou,label
7176c4aa-1591f96e.jpg,"[2.72e-01,3.40e+01,4.35e+02,2.80e+02]",0.5281671285629272,clear
3a6ae2aa-397c6af6.jpg,"[ 864.77, 334.79,1279.06, 395.32]",0.5089131593704224,snowy
5e2a5777-504e9835.jpg,"[ 98.55, 96.9 ,880.91,152.22]",0.56110018491745,undefined
